{"3D glasses": {"name": "3D glasses", "priceBuy": 490}, "Bandage": {"name": "Bandage", "priceBuy": 140}, "Beak": {"name": "Beak", "priceBuy": 488}, "Bottom-rimmed glasses": {"name": "Bottom-rimmed glasses", "priceBuy": 1100}, "Browline glasses": {"name": "Browline glasses", "priceBuy": 1040}, "Bubblegum": {"name": "Bubblegum", "priceBuy": 140}, "Bunny nose": {"name": "Bunny nose", "priceBuy": 560}, "Butterfly shades": {"name": "Butterfly shades", "priceBuy": 1040}, "Cat nose": {"name": "Cat nose", "priceBuy": 560}, "Cucumber pack": {"name": "Cucumber pack", "priceBuy": 490}, "Curly mustache": {"name": "Curly mustache", "priceBuy": 700}, "Cyber shades": {"name": "Cyber shades", "priceBuy": 1300}, "Doctor's mask": {"name": "Doctor's mask", "priceBuy": 140}, "Dog nose": {"name": "Dog nose", "priceBuy": 560}, "Double-bridge glasses": {"name": "Double-bridge glasses", "priceBuy": 1100}, "Drinking-straw glasses": {"name": "Drinking-straw glasses", "priceBuy": 560}, "Eye mask": {"name": "Eye mask", "priceBuy": 560}, "Eye patch": {"name": "Eye patch", "priceBuy": 140}, "Facial mask": {"name": "Facial mask", "priceBuy": 560}, "Fake nose": {"name": "Fake nose", "priceBuy": 490}, "Flower sunglasses": {"name": "Flower sunglasses", "priceBuy": 770}, "Food mess": {"name": "Food mess", "priceBuy": 490}, "Funny glasses": {"name": "Funny glasses", "priceBuy": 1100}, "Gas mask": {"name": "Gas mask", "priceBuy": 1100}, "Glass-bottle glasses": {"name": "Glass-bottle glasses", "priceBuy": 1100}, "Goatee": {"name": "Goatee", "priceBuy": 980}, "Goggles": {"name": "Goggles", "priceBuy": 560}, "Handlebar mustache": {"name": "Handlebar mustache", "priceBuy": 1120}, "Heart shades": {"name": "Heart shades", "priceBuy": 1040}, "HMD": {"name": "HMD", "priceBuy": 2000}, "Jester's mask": {"name": "Jester's mask", "priceBuy": 1760}, "Ladder shades": {"name": "Ladder shades", "priceBuy": 880}, "Masquerade mask": {"name": "Masquerade mask", "priceBuy": 910}, "Monocle": {"name": "Monocle", "priceBuy": 1100}, "Night-vision goggles": {"name": "Night-vision goggles", "priceBuy": 1560}, "Nose drip": {"name": "Nose drip", "priceBuy": 490}, "Octagonal glasses": {"name": "Octagonal glasses", "priceBuy": 1100}, "Pacifier": {"name": "Pacifier", "priceBuy": 560}, "Pig nose": {"name": "Pig nose", "priceBuy": 560}, "Pilot shades": {"name": "Pilot shades", "priceBuy": 1300}, "Pixel shades": {"name": "Pixel shades", "priceBuy": 1320}, "Pleather mask": {"name": "Pleather mask", "priceBuy": 770}, "Post-op patch": {"name": "Post-op patch", "priceBuy": 490}, "Privacy mask": {"name": "Privacy mask", "priceBuy": 560}, "Reflector": {"name": "Reflector", "priceBuy": 560}, "Retro shades": {"name": "Retro shades", "priceBuy": 1560}, "Rhinestone shades": {"name": "Rhinestone shades", "priceBuy": 1040}, "Rimmed glasses": {"name": "Rimmed glasses", "priceBuy": 630}, "Round shades": {"name": "Round shades", "priceBuy": 1560}, "Round tinted shades": {"name": "Round tinted shades", "priceBuy": 880}, "Rounded beard": {"name": "Rounded beard", "priceBuy": 980}, "Ski goggles": {"name": "Ski goggles", "priceBuy": 980}, "Square glasses": {"name": "Square glasses", "priceBuy": 880}, "Stache & glasses": {"name": "Stache & glasses", "priceBuy": 770}, "Star shades": {"name": "Star shades", "priceBuy": 880}, "Steampunk glasses": {"name": "Steampunk glasses", "priceBuy": 1300}, "Sticky rice": {"name": "Sticky rice", "priceBuy": 490}, "Superhero mask": {"name": "Superhero mask", "priceBuy": 1040}, "Tiny shades": {"name": "Tiny shades", "priceBuy": 1100}, "Triangle shades": {"name": "Triangle shades", "priceBuy": 880}, "Wooden-frame glasses": {"name": "Wooden-frame glasses", "priceBuy": 1560}}