{"Acid-washed jeans": {"name": "Acid-washed jeans", "priceBuy": 1320}, "Animal-stripes skirt": {"name": "Animal-stripes skirt", "priceBuy": -1}, "Apron skirt": {"name": "Apron skirt", "priceBuy": 700}, "Athletic pants": {"name": "Athletic pants", "priceBuy": 880}, "Athletic shorts": {"name": "Athletic shorts", "priceBuy": 560}, "Bell-bottoms": {"name": "Bell-bottoms", "priceBuy": 1320}, "Belted wraparound skirt": {"name": "Belted wraparound skirt", "priceBuy": 1040}, "Bomber-style skirt": {"name": "Bomber-style skirt", "priceBuy": 1320}, "Botanical shorts": {"name": "Botanical shorts", "priceBuy": 700}, "Box-pleated skirt": {"name": "Box-pleated skirt", "priceBuy": 1320}, "Buttoned lace skirt": {"name": "Buttoned lace skirt", "priceBuy": 1200}, "Buttoned wraparound skirt": {"name": "Buttoned wraparound skirt", "priceBuy": 1820}, "Camo pants": {"name": "Camo pants", "priceBuy": 1300}, "Camo skirt": {"name": "Camo skirt", "priceBuy": 1300}, "Career skirt": {"name": "Career skirt", "priceBuy": 1560}, "Cargo pants": {"name": "Cargo pants", "priceBuy": 1080}, "Cargo shorts": {"name": "Cargo shorts", "priceBuy": 1080}, "Casual pants": {"name": "Casual pants", "priceBuy": 1300}, "Chain pants": {"name": "Chain pants", "priceBuy": 1300}, "Colorful skirt": {"name": "Colorful skirt", "priceBuy": 1100}, "Comedian's pants": {"name": "Comedian's pants", "priceBuy": 2100}, "Comic shorts": {"name": "Comic shorts", "priceBuy": -1}, "Corduroy skirt": {"name": "Corduroy skirt", "priceBuy": 1040}, "Corte skirt": {"name": "Corte skirt", "priceBuy": 880}, "Cropped pants": {"name": "Cropped pants", "priceBuy": 920}, "Cuffed pants": {"name": "Cuffed pants", "priceBuy": 1100}, "Cut-pleather skirt": {"name": "Cut-pleather skirt", "priceBuy": 1100}, "Cycling shorts": {"name": "Cycling shorts", "priceBuy": 700}, "Dance warm-up pants": {"name": "Dance warm-up pants", "priceBuy": 1560}, "Dotted shorts": {"name": "Dotted shorts", "priceBuy": -1}, "Draped skirt": {"name": "Draped skirt", "priceBuy": 1820}, "Dreamy pants": {"name": "Dreamy pants", "priceBuy": 1440}, "Dress pants": {"name": "Dress pants", "priceBuy": 1300}, "Embroidered floral skirt": {"name": "Embroidered floral skirt", "priceBuy": 1320}, "Embroidered-pattern skirt": {"name": "Embroidered-pattern skirt", "priceBuy": 1100}, "Explorer shorts": {"name": "Explorer shorts", "priceBuy": 1040}, "Faux-fur skirt": {"name": "Faux-fur skirt", "priceBuy": 1440}, "Faux-shearling skirt": {"name": "Faux-shearling skirt", "priceBuy": 1440}, "Flare skirt": {"name": "Flare skirt", "priceBuy": 1140}, "Flashy slacks": {"name": "Flashy slacks", "priceBuy": 1300}, "Floral lace skirt": {"name": "Floral lace skirt", "priceBuy": 1320}, "Floral skirt": {"name": "Floral skirt", "priceBuy": 1100}, "Frilly pants": {"name": "Frilly pants", "priceBuy": 1200}, "Frilly skirt": {"name": "Frilly skirt", "priceBuy": 1100}, "Frilly sweatpants": {"name": "Frilly sweatpants", "priceBuy": 880}, "Fringe skirt": {"name": "Fringe skirt", "priceBuy": 1560}, "Gobelin shorts": {"name": "Gobelin shorts", "priceBuy": 840}, "Hickory-stripe pants": {"name": "Hickory-stripe pants", "priceBuy": 1560}, "Jogging shorts": {"name": "Jogging shorts", "priceBuy": 700}, "Kilt": {"name": "Kilt", "priceBuy": 1000}, "Knit pants": {"name": "Knit pants", "priceBuy": 910}, "Knit skirt": {"name": "Knit skirt", "priceBuy": 910}, "Kung-fu pants": {"name": "Kung-fu pants", "priceBuy": 1680}, "Lemon skirt": {"name": "Lemon skirt", "priceBuy": 880}, "Leopard miniskirt": {"name": "Leopard miniskirt", "priceBuy": 1820}, "Long chino skirt": {"name": "Long chino skirt", "priceBuy": -1}, "Long denim skirt": {"name": "Long denim skirt", "priceBuy": 1560}, "Long pleated skirt": {"name": "Long pleated skirt", "priceBuy": 1560}, "Long polka skirt": {"name": "Long polka skirt", "priceBuy": 1300}, "Long sailor skirt": {"name": "Long sailor skirt", "priceBuy": 1560}, "Long sweatskirt": {"name": "Long sweatskirt", "priceBuy": 1000}, "Muay-thai shorts": {"name": "Muay-thai shorts", "priceBuy": 980}, "Multicolor shorts": {"name": "Multicolor shorts", "priceBuy": 1100}, "Noble pants": {"name": "Noble pants", "priceBuy": 4300}, "Patched-knee pants": {"name": "Patched-knee pants", "priceBuy": 880}, "Patchwork skirt": {"name": "Patchwork skirt", "priceBuy": 2100}, "Pearl skirt": {"name": "Pearl skirt", "priceBuy": 1680}, "Petal skirt": {"name": "Petal skirt", "priceBuy": 1540}, "Plaid shorts": {"name": "Plaid shorts", "priceBuy": 980}, "Pleather flare skirt": {"name": "Pleather flare skirt", "priceBuy": 1560}, "Pleather pants": {"name": "Pleather pants", "priceBuy": 1300}, "Pleather patch skirt": {"name": "Pleather patch skirt", "priceBuy": 1680}, "Pleather shorts": {"name": "Pleather shorts", "priceBuy": 1040}, "Plover skirt": {"name": "Plover skirt", "priceBuy": 1200}, "Pleather skirt": {"name": "Pleather skirt", "priceBuy": 1300}, "Polka-dot mini skirt": {"name": "Polka-dot mini skirt", "priceBuy": 1100}, "Punk pants": {"name": "Punk pants", "priceBuy": 1820}, "Rain pants": {"name": "Rain pants", "priceBuy": 700}, "Sailor skirt": {"name": "Sailor skirt", "priceBuy": 980}, "Satin pants": {"name": "Satin pants", "priceBuy": 880}, "School pants": {"name": "School pants", "priceBuy": 880}, "Silk floral-print pants": {"name": "Silk floral-print pants", "priceBuy": 1440}, "Silk pants": {"name": "Silk pants", "priceBuy": -1}, "Ski pants": {"name": "Ski pants", "priceBuy": 1560}, "Slacks": {"name": "Slacks", "priceBuy": 1300}, "Striped bell-bottoms": {"name": "Striped bell-bottoms", "priceBuy": 1320}, "Striped pants": {"name": "Striped pants", "priceBuy": 1100}, "Striped shorts": {"name": "Striped shorts", "priceBuy": -1}, "Surfing shorts": {"name": "Surfing shorts", "priceBuy": 700}, "Tennis skirt": {"name": "Tennis skirt", "priceBuy": 1440}, "Terry-cloth shorts": {"name": "Terry-cloth shorts", "priceBuy": 1260}, "Three-quarter sweatpants": {"name": "Three-quarter sweatpants", "priceBuy": 1100}, "Tie-dye Skirt": {"name": "Tie-dye Skirt", "priceBuy": 1260}, "Tiered Skirt": {"name": "Tiered Skirt", "priceBuy": 1200}, "Track pants": {"name": "Track pants", "priceBuy": 770}, "Traditional monpe pants": {"name": "Traditional monpe pants", "priceBuy": 1040}, "Tweed frilly skirt": {"name": "Tweed frilly skirt", "priceBuy": 1560}, "Tweed pants": {"name": "Tweed pants", "priceBuy": 1300}, "Tweed skirt": {"name": "Tweed skirt", "priceBuy": 1300}, "Two-tone pants": {"name": "Two-tone pants", "priceBuy": 880}, "Upcycled skirt": {"name": "Upcycled skirt", "priceBuy": 1320}, "Vibrant shorts": {"name": "Vibrant shorts", "priceBuy": 980}, "Western Pants": {"name": "Western Pants", "priceBuy": 1540}, "Wide chino pants": {"name": "Wide chino pants", "priceBuy": 1100}, "Worn-out jeans": {"name": "Worn-out jeans", "priceBuy": 1100}, "Yacht shorts": {"name": "Yacht shorts", "priceBuy": 840}}