{"Academy uniform": {"name": "Academy uniform", "priceBuy": 2080}, "Adventure dress": {"name": "Adventure dress", "priceBuy": 2800}, "Alpinist dress": {"name": "Alpinist dress", "priceBuy": 2520}, "Alpinist overalls": {"name": "Alpinist overalls", "priceBuy": 2520}, "Ancient belted robe": {"name": "Ancient belted robe", "priceBuy": 3640}, "Ancient sashed robe": {"name": "Ancient sashed robe", "priceBuy": 2520}, "Astro dress": {"name": "Astro dress", "priceBuy": 2500}, "Baby-chick costume": {"name": "Baby-chick costume", "priceBuy": 1700}, "Baby romper": {"name": "Baby romper", "priceBuy": 1920}, "Baji Jeogori": {"name": "Baji Jeogori", "priceBuy": 2520}, "Ballet outfit": {"name": "Ballet outfit", "priceBuy": 2880}, "Baseball uniform": {"name": "Baseball uniform", "priceBuy": 1760}, "Bathrobe": {"name": "Bathrobe", "priceBuy": 720}, "Bath-towel wrap": {"name": "Bath-towel wrap", "priceBuy": 630}, "Bear costume": {"name": "Bear costume", "priceBuy": 1700}, "Bingata dress": {"name": "Bingata dress", "priceBuy": 2520}, "Blossom dress": {"name": "Blossom dress", "priceBuy": 1500}, "Blossoming kimono": {"name": "Blossoming kimono", "priceBuy": 3220}, "Bohemian tunic dress": {"name": "Bohemian tunic dress", "priceBuy": 1900}, "Box-skirt uniform": {"name": "Box-skirt uniform", "priceBuy": 2300}, "Butterfly visiting kimono": {"name": "Butterfly visiting kimono", "priceBuy": 2660}, "Casual chic dress": {"name": "Casual chic dress", "priceBuy": 2400}, "Casual kimono": {"name": "Casual kimono", "priceBuy": 2000}, "Caterpillar costume": {"name": "Caterpillar costume", "priceBuy": 1700}, "Caveman tank": {"name": "Caveman tank", "priceBuy": 1050}, "Cheerleading uniform": {"name": "Cheerleading uniform", "priceBuy": 1920}, "Chic tuxedo dress": {"name": "Chic tuxedo dress", "priceBuy": 2240}, "Chima jeogori": {"name": "Chima jeogori", "priceBuy": 2520}, "China poblana": {"name": "China poblana", "priceBuy": 2520}, "Chiton": {"name": "Chiton", "priceBuy": 2520}, "Concierge uniform": {"name": "Concierge uniform", "priceBuy": 1920}, "Coveralls with arm covers": {"name": "Coveralls with arm covers", "priceBuy": 1600}, "Cyber suit": {"name": "Cyber suit", "priceBuy": 3500}, "Desert-princess outfit": {"name": "Desert-princess outfit", "priceBuy": 2520}, "Diner uniform": {"name": "Diner uniform", "priceBuy": 1600}, "Dragon suit": {"name": "Dragon suit", "priceBuy": 2500}, "Dreamy dress": {"name": "Dreamy dress", "priceBuy": 2080}, "Egg-sushi costume": {"name": "Egg-sushi costume", "priceBuy": 1600}, "Fairy dress": {"name": "Fairy dress", "priceBuy": 3640}, "Fairy-tale dress": {"name": "Fairy-tale dress", "priceBuy": 2400}, "Fancy kimono": {"name": "Fancy kimono", "priceBuy": 5200}, "Fancy party dress": {"name": "Fancy party dress", "priceBuy": 2400}, "Farmer overalls": {"name": "Farmer overalls", "priceBuy": 1600}, "Fashionable royal dress": {"name": "Fashionable royal dress", "priceBuy": 6000}, "Figure-skating costume": {"name": "Figure-skating costume", "priceBuy": 2880}, "Figure-skating dress": {"name": "Figure-skating dress", "priceBuy": 2880}, "Firefighter uniform": {"name": "Firefighter uniform", "priceBuy": 2250}, "Fishing waders": {"name": "Fishing waders", "priceBuy": 2000}, "Flapper dress": {"name": "Flapper dress", "priceBuy": 2600}, "Flashy kimono": {"name": "Flashy kimono", "priceBuy": 4800}, "Fleece PJ's": {"name": "Fleece PJ's", "priceBuy": 1800}, "Floral lace dress": {"name": "Floral lace dress", "priceBuy": 1820}, "Flower-print dress": {"name": "Flower-print dress", "priceBuy": 1200}, "Folk-dance outfit": {"name": "Folk-dance outfit", "priceBuy": 2520}, "Forest-print dress": {"name": "Forest-print dress", "priceBuy": 1540}, "Frilly dress": {"name": "Frilly dress", "priceBuy": 2000}, "Frog costume": {"name": "Frog costume", "priceBuy": 1700}, "Frugal dress": {"name": "Frugal dress", "priceBuy": 490}, "Full-body tights": {"name": "Full-body tights", "priceBuy": 1120}, "Full-length dress with pearls": {"name": "Full-length dress with pearls", "priceBuy": 2600}, "Gizzard-shad-sushi costume": {"name": "Gizzard-shad-sushi costume", "priceBuy": 1440}, "Grape dress": {"name": "Grape dress", "priceBuy": 1500}, "Gumdrop dress": {"name": "Gumdrop dress", "priceBuy": 1800}, "Hakama": {"name": "Hakama", "priceBuy": 3180}, "Hakama with crest": {"name": "Hakama with crest", "priceBuy": 4800}, "Hot-dog costume": {"name": "Hot-dog costume", "priceBuy": 1280}, "House-print dress": {"name": "House-print dress", "priceBuy": 1600}, "Impish costume": {"name": "Impish costume", "priceBuy": 2240}, "Jester costume": {"name": "Jester costume", "priceBuy": 2240}, "Jinbei": {"name": "Jinbei", "priceBuy": 1820}, "Jockey uniform": {"name": "Jockey uniform", "priceBuy": 1920}, "Judogi": {"name": "Judogi", "priceBuy": 1760}, "Jumper work suit": {"name": "Jumper work suit", "priceBuy": 1050}, "Junihitoe kimono": {"name": "Junihitoe kimono", "priceBuy": 7000}, "Kabuki-actor yukata": {"name": "Kabuki-actor yukata", "priceBuy": 2400}, "Kandoora": {"name": "Kandoora", "priceBuy": 2520}, "Kappa costume": {"name": "Kappa costume", "priceBuy": 1700}, "Kiwi dress": {"name": "Kiwi dress", "priceBuy": 1500}, "Lace-up dress": {"name": "Lace-up dress", "priceBuy": 2500}, "Linen dress": {"name": "Linen dress", "priceBuy": 1600}, "Lively plaid dress": {"name": "Lively plaid dress", "priceBuy": 1800}, "Long denim cardigan": {"name": "Long denim cardigan", "priceBuy": 2000}, "Loose fall dress": {"name": "Loose fall dress", "priceBuy": 1800}, "Mage's robe": {"name": "Mage's robe", "priceBuy": 4000}, "Magical dress": {"name": "Magical dress", "priceBuy": 3180}, "Maid dress": {"name": "Maid dress", "priceBuy": 2320}, "Marble-print dress": {"name": "Marble-print dress", "priceBuy": 1500}, "Mariachi clothing": {"name": "Mariachi clothing", "priceBuy": 2520}, "Maxi shirtdress": {"name": "Maxi shirtdress", "priceBuy": 2000}, "Miko attire": {"name": "Miko attire", "priceBuy": 2240}, "Milkmaid dress": {"name": "Milkmaid dress", "priceBuy": 2520}, "Morning-glory yukata": {"name": "Morning-glory yukata", "priceBuy": 2280}, "Mummy outfit": {"name": "Mummy outfit", "priceBuy": 700}, "Mysterious dress": {"name": "Mysterious dress", "priceBuy": 3120}, "Ninja costume": {"name": "Ninja costume", "priceBuy": 2240}, "Noble dress": {"name": "Noble dress", "priceBuy": 5200}, "Noble zap suit": {"name": "Noble zap suit", "priceBuy": 2760}, "Nurse's dress uniform": {"name": "Nurse's dress uniform", "priceBuy": 2200}, "Office uniform": {"name": "Office uniform", "priceBuy": 1600}, "Old commoner's kimono": {"name": "Old commoner's kimono", "priceBuy": 1920}, "Overall dress": {"name": "Overall dress", "priceBuy": 2000}, "Oversized-sweats dress": {"name": "Oversized-sweats dress", "priceBuy": 1500}, "Painter's coverall": {"name": "Painter's coverall", "priceBuy": 1600}, "Pajama dress": {"name": "Pajama dress", "priceBuy": 1200}, "Palatial tank dress": {"name": "Palatial tank dress", "priceBuy": 2520}, "Parka and shirtdress": {"name": "Parka and shirtdress", "priceBuy": 1600}, "Parka dress": {"name": "Parka dress", "priceBuy": 1600}, "Pharaoh's outfit": {"name": "Pharaoh's outfit", "priceBuy": 2520}, "Pinafore": {"name": "Pinafore", "priceBuy": 1600}, "Pineapple dress": {"name": "Pineapple dress", "priceBuy": 1500}, "Pintuck-pleated dress": {"name": "Pintuck-pleated dress", "priceBuy": 1600}, "Power suit": {"name": "Power suit", "priceBuy": 3780}, "Princess dress": {"name": "Princess dress", "priceBuy": 5500}, "Rad power skirt suit": {"name": "Rad power skirt suit", "priceBuy": 2240}, "Renaissance dress": {"name": "Renaissance dress", "priceBuy": 6000}, "Retro A-line dress": {"name": "Retro A-line dress", "priceBuy": 2550}, "Retro dress": {"name": "Retro dress", "priceBuy": 2550}, "Retro sleeveless dress": {"name": "Retro sleeveless dress", "priceBuy": 1600}, "Ruffled dress": {"name": "Ruffled dress", "priceBuy": 4240}, "Rumba costume": {"name": "Rumba costume", "priceBuy": 2600}, "Sari": {"name": "Sari", "priceBuy": 2520}, "Satin dress": {"name": "Satin dress", "priceBuy": 1600}, "Security uniform": {"name": "Security uniform", "priceBuy": 2240}, "Sheep costume": {"name": "Sheep costume", "priceBuy": 1700}, "Shirtdress": {"name": "Shirtdress", "priceBuy": 1600}, "Simple visiting kimono": {"name": "Simple visiting kimono", "priceBuy": 2480}, "Skirt with suspenders": {"name": "Skirt with suspenders", "priceBuy": 1600}, "Sleeveless shirtdress": {"name": "Sleeveless shirtdress", "priceBuy": 1600}, "Sleeveless silk dress": {"name": "Sleeveless silk dress", "priceBuy": 2520}, "Sleeveless sweater dress": {"name": "Sleeveless sweater dress", "priceBuy": 1600}, "Space suit": {"name": "Space suit", "priceBuy": 5000}, "Sprite costume": {"name": "Sprite costume", "priceBuy": 2500}, "Steampunk costume": {"name": "Steampunk costume", "priceBuy": 2240}, "Strawberry dress": {"name": "Strawberry dress", "priceBuy": 1800}, "Stylish jumpsuit": {"name": "Stylish jumpsuit", "priceBuy": 2100}, "Suit with stand-up collar": {"name": "Suit with stand-up collar", "priceBuy": 1800}, "Superhero uniform": {"name": "Superhero uniform", "priceBuy": 3640}, "Suspender outfit": {"name": "Suspender outfit", "priceBuy": 1900}, "Sweet dress": {"name": "Sweet dress", "priceBuy": 2700}, "Sweetheart dress": {"name": "Sweetheart dress", "priceBuy": 1600}, "Tango dress": {"name": "Tango dress", "priceBuy": 2600}, "Tee dress": {"name": "Tee dress", "priceBuy": 1500}, "Tight punk outfit": {"name": "Tight punk outfit", "priceBuy": 1920}, "Toga": {"name": "Toga", "priceBuy": 2520}, "Tropical muumuu": {"name": "Tropical muumuu", "priceBuy": 1800}, "Tuna-sushi costume": {"name": "Tuna-sushi costume", "priceBuy": 1920}, "Tweed dress": {"name": "Tweed dress", "priceBuy": 1600}, "Victorian dress": {"name": "Victorian dress", "priceBuy": 2520}, "Visual-punk dress": {"name": "Visual-punk dress", "priceBuy": 2040}, "Visual-punk outfit": {"name": "Visual-punk outfit", "priceBuy": 2040}, "Wizard's robe": {"name": "Wizard's robe", "priceBuy": 4000}, "Wrestler uniform": {"name": "Wrestler uniform", "priceBuy": 1600}, "Wrestling singlet": {"name": "Wrestling singlet", "priceBuy": 1540}, "Zap suit": {"name": "Zap suit", "priceBuy": 2760}, "Zigzag-print dress": {"name": "Zigzag-print dress", "priceBuy": 2000}}