{"Aran-knit cap": {"name": "Aran-knit cap", "priceBuy": 880}, "Baby's hat": {"name": "Baby's hat", "priceBuy": 560}, "Barrette": {"name": "Barrette", "priceBuy": 490}, "Baseball cap": {"name": "Baseball cap", "priceBuy": 840}, "Batter's helmet": {"name": "Batter's helmet", "priceBuy": 1040}, "Bear cap": {"name": "Bear cap", "priceBuy": 1120}, "Beret": {"name": "Beret", "priceBuy": 880}, "Bicycle helmet": {"name": "Bicycle helmet", "priceBuy": 1100}, "Bowler hat with ribbon": {"name": "Bowler hat with ribbon", "priceBuy": 1100}, "Bun wig": {"name": "Bun wig", "priceBuy": 1400}, "Bunny ears": {"name": "Bunny ears", "priceBuy": 1120}, "Bunny hood": {"name": "Bunny hood", "priceBuy": 1120}, "Captain's hat": {"name": "Captain's hat", "priceBuy": 1680}, "Cat cap": {"name": "Cat cap", "priceBuy": 980}, "Catcher's mask": {"name": "Catcher's mask", "priceBuy": 1560}, "Cavalier hat": {"name": "Cavalier hat", "priceBuy": 1600}, "Chef's hat": {"name": "Chef's hat", "priceBuy": 840}, "Combat helmet": {"name": "Combat helmet", "priceBuy": 1120}, "Composer's wig": {"name": "Composer's wig", "priceBuy": 1680}, "Crown": {"name": "Crown", "priceBuy": 1000000}, "Cycling cap": {"name": "Cycling cap", "priceBuy": 1100}, "Dandy hat": {"name": "Dandy hat", "priceBuy": 1100}, "Denim cap": {"name": "Denim cap", "priceBuy": 770}, "Detective hat": {"name": "Detective hat", "priceBuy": 2100}, "DJ cap": {"name": "DJ cap", "priceBuy": 770}, "Do-rag": {"name": "Do-rag", "priceBuy": 560}, "Eggshell": {"name": "Eggshell", "priceBuy": 560}, "Elegant hat": {"name": "Elegant hat", "priceBuy": 2100}, "Explorer's hat": {"name": "Explorer's hat", "priceBuy": 1040}, "Fairy-tale hood": {"name": "Fairy-tale hood", "priceBuy": 1560}, "Faux-fur hat": {"name": "Faux-fur hat", "priceBuy": 1300}, "Fedora": {"name": "Fedora", "priceBuy": 1100}, "Firefighter's hat": {"name": "Firefighter's hat", "priceBuy": 1680}, "Flashy hairpin": {"name": "Flashy hairpin", "priceBuy": 2340}, "Floral hairpin": {"name": "Floral hairpin", "priceBuy": 490}, "Football helmet": {"name": "Football helmet", "priceBuy": 1440}, "Fox mask": {"name": "Fox mask", "priceBuy": 1400}, "Frugal hat": {"name": "Frugal hat", "priceBuy": 350}, "Giant ribbon": {"name": "Giant ribbon", "priceBuy": 1470}, "Glengarry": {"name": "Glengarry", "priceBuy": 1320}, "Gothic headdress": {"name": "Gothic headdress", "priceBuy": 1120}, "Grape hat": {"name": "Grape hat", "priceBuy": 700}, "Halo": {"name": "Halo", "priceBuy": 2220}, "Headband": {"name": "Headband", "priceBuy": 1400}, "Headgear": {"name": "Headgear", "priceBuy": 910}, "Headkerchief": {"name": "Headkerchief", "priceBuy": 490}, "Heart hairpin": {"name": "Heart hairpin", "priceBuy": 700}, "Helmet with goggles": {"name": "Helmet with goggles", "priceBuy": 1100}, "Hibiscus hairpin": {"name": "Hibiscus hairpin", "priceBuy": 560}, "Hockey mask": {"name": "Hockey mask", "priceBuy": 1440}, "Hot-dog hood": {"name": "Hot-dog hood", "priceBuy": 560}, "Imitation cow skull": {"name": "Imitation cow skull", "priceBuy": 1120}, "Imp hood": {"name": "Imp hood", "priceBuy": 1760}, "Jester's cap": {"name": "Jester's cap", "priceBuy": 1900}, "Jockey's helmet": {"name": "Jockey's helmet", "priceBuy": 1120}, "Kappa cap": {"name": "Kappa cap", "priceBuy": 980}, "Kiwi hat": {"name": "Kiwi hat", "priceBuy": 770}, "Knit hat": {"name": "Knit hat", "priceBuy": 560}, "Lettered cap": {"name": "Lettered cap", "priceBuy": 560}, "Mage's hat": {"name": "Mage's hat", "priceBuy": 3440}, "Matanpushi": {"name": "Matanpushi", "priceBuy": 880}, "Matronly bun": {"name": "Matronly bun", "priceBuy": 1280}, "Mesh cap": {"name": "Mesh cap", "priceBuy": 560}, "Mohawk wig": {"name": "Mohawk wig", "priceBuy": 1280}, "Mum crown": {"name": "Mum crown", "priceBuy": -1}, "Mummy mask": {"name": "Mummy mask", "priceBuy": 980}, "Ninja hood": {"name": "Ninja hood", "priceBuy": 1400}, "Noh mask": {"name": "Noh mask", "priceBuy": 2400}, "Nurse's cap": {"name": "Nurse's cap", "priceBuy": 1680}, "Outback hat": {"name": "Outback hat", "priceBuy": 1560}, "Paintball mask": {"name": "Paintball mask", "priceBuy": 1040}, "Paper bag": {"name": "Paper bag", "priceBuy": 140}, "Paperboy cap": {"name": "Paperboy cap", "priceBuy": 1470}, "Patchwork tulip hat": {"name": "Patchwork tulip hat", "priceBuy": 1680}, "Pilot's cap": {"name": "Pilot's cap", "priceBuy": 1120}, "Pilot's hat": {"name": "Pilot's hat", "priceBuy": 1680}, "Pineapple cap": {"name": "Pineapple cap", "priceBuy": 700}, "Police cap": {"name": "Police cap", "priceBuy": 1680}, "Pom casquette": {"name": "Pom casquette", "priceBuy": 880}, "Pompadour wig": {"name": "Pompadour wig", "priceBuy": 1280}, "Power helmet": {"name": "Power helmet", "priceBuy": 3220}, "Racing helmet": {"name": "Racing helmet", "priceBuy": 1040}, "Ribbon": {"name": "Ribbon", "priceBuy": 490}, "Ribboned garden hat": {"name": "Ribboned garden hat", "priceBuy": 700}, "Ribboned straw hat": {"name": "Ribboned straw hat", "priceBuy": 490}, "Royal crown": {"name": "Royal crown", "priceBuy": 1200000}, "Safety helmet": {"name": "Safety helmet", "priceBuy": 770}, "Sailor's hat": {"name": "Sailor's hat", "priceBuy": 1680}, "Samurai helmet": {"name": "Samurai helmet", "priceBuy": 5880}, "Scholar's hat": {"name": "Scholar's hat", "priceBuy": 3010}, "School hat": {"name": "School hat", "priceBuy": 560}, "Shallow knit cap": {"name": "Shallow knit cap", "priceBuy": 560}, "Sheep hood": {"name": "Sheep hood", "priceBuy": 980}, "Skateboarding helmet": {"name": "Skateboarding helmet", "priceBuy": 880}, "Skeleton hood": {"name": "Skeleton hood", "priceBuy": 1400}, "Ski mask": {"name": "Ski mask", "priceBuy": 560}, "Small silk hat": {"name": "Small silk hat", "priceBuy": 1820}, "Space helmet": {"name": "Space helmet", "priceBuy": 4300}, "Sports cap": {"name": "Sports cap", "priceBuy": 560}, "Stagehand hat": {"name": "Stagehand hat", "priceBuy": 980}, "Star hairpin": {"name": "Star hairpin", "priceBuy": 350}, "Straw boater": {"name": "Straw boater", "priceBuy": 700}, "Strawberry hat": {"name": "Strawberry hat", "priceBuy": 700}, "Student cap": {"name": "Student cap", "priceBuy": 1040}, "Swimming cap": {"name": "Swimming cap", "priceBuy": 560}, "Terry-cloth nightcap": {"name": "Terry-cloth nightcap", "priceBuy": 840}, "Tiara": {"name": "Tiara", "priceBuy": 4300}, "Tiara hair": {"name": "Tiara hair", "priceBuy": 2940}, "Top hat": {"name": "Top hat", "priceBuy": 2100}, "Tulip hat": {"name": "Tulip hat", "priceBuy": 630}, "Tweed cap": {"name": "Tweed cap", "priceBuy": 1100}, "Veiled gardening hat": {"name": "Veiled gardening hat", "priceBuy": 560}, "Viking helmet": {"name": "Viking helmet", "priceBuy": 2100}, "Visual-punk wig": {"name": "Visual-punk wig", "priceBuy": 1400}, "Welding mask": {"name": "Welding mask", "priceBuy": 1040}, "Wide-brim straw hat": {"name": "Wide-brim straw hat", "priceBuy": 1320}, "Wizard's cap": {"name": "Wizard's cap", "priceBuy": 880}, "Wrestling mask": {"name": "Wrestling mask", "priceBuy": 1120}, "Zen hair clip": {"name": "Zen hair clip", "priceBuy": 4300}}