{"Antique boots": {"name": "Antique boots", "priceBuy": 2640}, "Ballet slippers": {"name": "Ballet slippers", "priceBuy": 2200}, "Basketball shoes": {"name": "Basketball shoes", "priceBuy": 1500}, "Boots": {"name": "Boots", "priceBuy": 560}, "Business shoes": {"name": "Business shoes", "priceBuy": 1300}, "Comfy sandals": {"name": "Comfy sandals", "priceBuy": 1040}, "Cowboy boots": {"name": "Cowboy boots", "priceBuy": 2380}, "Cute sneakers": {"name": "Cute sneakers", "priceBuy": 1260}, "Faux-fur ankle booties": {"name": "Faux-fur ankle booties", "priceBuy": 1450}, "Faux-suede sneakers": {"name": "Faux-suede sneakers", "priceBuy": 1080}, "Flower sandals": {"name": "Flower sandals", "priceBuy": 1200}, "Gladiator sandals": {"name": "Gladiator sandals", "priceBuy": 1800}, "Hi-tech sneakers": {"name": "Hi-tech sneakers", "priceBuy": 1260}, "High-tops": {"name": "High-tops", "priceBuy": 1080}, "House slippers": {"name": "House slippers", "priceBuy": 490}, "Lace-up boots": {"name": "Lace-up boots", "priceBuy": 1920}, "Leopard pumps": {"name": "Leopard pumps", "priceBuy": 1920}, "Loafers": {"name": "Loafers", "priceBuy": 1300}, "Mary janes": {"name": "Mary janes", "priceBuy": 1800}, "Outdoor sandals": {"name": "Outdoor sandals", "priceBuy": 630}, "Pleather ankle booties": {"name": "Pleather ankle booties", "priceBuy": 1280}, "Pleather sneakers": {"name": "Pleather sneakers", "priceBuy": 700}, "Pom-pom boots": {"name": "Pom-pom boots", "priceBuy": 1600}, "Rubber-toe high tops": {"name": "Rubber-toe high tops", "priceBuy": 1260}, "Shower sandals": {"name": "Shower sandals", "priceBuy": 350}, "Slip-on sandals": {"name": "Slip-on sandals", "priceBuy": 560}, "Sporty sandals": {"name": "Sporty sandals", "priceBuy": 1300}, "Steel-toed boots": {"name": "Steel-toed boots", "priceBuy": 2640}, "Strappy heels": {"name": "Strappy heels", "priceBuy": 1560}, "Trekking shoes": {"name": "Trekking shoes", "priceBuy": 1500}, "Vinyl round-toed pumps": {"name": "Vinyl round-toed pumps", "priceBuy": 1500}, "Walking shoes": {"name": "Walking shoes", "priceBuy": 560}, "Wingtip shoes": {"name": "Wingtip shoes", "priceBuy": 900}, "Winklepickers": {"name": "Winklepickers", "priceBuy": 910}, "Work boots": {"name": "Work boots", "priceBuy": 1920}, "Zori": {"name": "Zori", "priceBuy": 4300}}