{"Argyle crew socks": {"name": "Argyle crew socks", "priceBuy": 720}, "Bobby socks": {"name": "Bobby socks", "priceBuy": 480}, "Country socks": {"name": "Country socks", "priceBuy": 720}, "Crocheted socks": {"name": "Crocheted socks", "priceBuy": 600}, "Denim leggings": {"name": "Denim leggings", "priceBuy": 540}, "Dotted knee-high socks": {"name": "Dotted knee-high socks", "priceBuy": 720}, "Embroidered-flower tights": {"name": "Embroidered-flower tights", "priceBuy": 1000}, "Everyday socks": {"name": "Everyday socks", "priceBuy": 600}, "Everyday tights": {"name": "Everyday tights", "priceBuy": 720}, "Fishnet tights": {"name": "Fishnet tights", "priceBuy": 480}, "Flowery-dot tights": {"name": "Flowery-dot tights", "priceBuy": 720}, "Frilly socks": {"name": "Frilly socks", "priceBuy": 720}, "Geometric-print socks": {"name": "Geometric-print socks", "priceBuy": 950}, "Hand-knit socks": {"name": "Hand-knit socks", "priceBuy": 700}, "Holey tights": {"name": "Holey tights", "priceBuy": 350}, "Lace socks": {"name": "Lace socks", "priceBuy": 720}, "Layered socks": {"name": "Layered socks", "priceBuy": 720}, "Leg warmers": {"name": "Leg warmers", "priceBuy": 440}, "Mixed-tweed socks": {"name": "Mixed-tweed socks", "priceBuy": 800}, "Neon leggings": {"name": "Neon leggings", "priceBuy": 540}, "Neon tights": {"name": "Neon tights", "priceBuy": 720}, "No-show socks": {"name": "No-show socks", "priceBuy": 480}, "Nordic socks": {"name": "Nordic socks", "priceBuy": 840}, "Patterned stockings": {"name": "Patterned stockings", "priceBuy": 940}, "Puckered socks": {"name": "Puckered socks", "priceBuy": 600}, "Running tights": {"name": "Running tights", "priceBuy": 550}, "Semi-opaque socks": {"name": "Semi-opaque socks", "priceBuy": 480}, "Semi-opaque tights": {"name": "Semi-opaque tights", "priceBuy": 720}, "Sheer socks": {"name": "Sheer socks", "priceBuy": 600}, "Simple-accent socks": {"name": "Simple-accent socks", "priceBuy": 720}, "Spider-web tights": {"name": "Spider-web tights", "priceBuy": 720}, "Stockings": {"name": "Stockings", "priceBuy": 480}, "Stretch leggings": {"name": "Stretch leggings", "priceBuy": 450}, "Striped socks": {"name": "Striped socks", "priceBuy": 600}, "Striped tights": {"name": "Striped tights", "priceBuy": 720}, "Tabi": {"name": "Tabi", "priceBuy": 1200}, "Tube socks": {"name": "Tube socks", "priceBuy": 480}, "Ultra no-show socks": {"name": "Ultra no-show socks", "priceBuy": 480}, "Vivid leggings": {"name": "Vivid leggings", "priceBuy": 450}, "Vivid socks": {"name": "Vivid socks", "priceBuy": 480}, "Vivid tights": {"name": "Vivid tights", "priceBuy": 720}}