{"Acid-washed jacket": {"name": "Acid-washed jacket", "priceBuy": 1680}, "After-school jacket": {"name": "After-school jacket", "priceBuy": 1050}, "Animal-print coat": {"name": "Animal-print coat", "priceBuy": 2320}, "Animal-stripes tee": {"name": "Animal-stripes tee", "priceBuy": 960}, "Anorak jacket": {"name": "Anorak jacket", "priceBuy": 1400}, "Apron": {"name": "Apron", "priceBuy": 840}, "Aran-knit cardigan": {"name": "Aran-knit cardigan", "priceBuy": 1300}, "Aran-knit sweater": {"name": "Aran-knit sweater", "priceBuy": 1200}, "Argyle sweater": {"name": "Argyle sweater", "priceBuy": 1200}, "Argyle vest": {"name": "Argyle vest", "priceBuy": 1440}, "Athletic jacket": {"name": "Athletic jacket", "priceBuy": 960}, "Baseball shirt": {"name": "Baseball shirt", "priceBuy": 1120}, "Basketball tank": {"name": "Basketball tank", "priceBuy": 1120}, "Biker jacket": {"name": "Biker jacket", "priceBuy": 1750}, "Blossom tee": {"name": "Blossom tee", "priceBuy": 800}, "Boa blouson": {"name": "Boa blouson", "priceBuy": 1680}, "Boa fleece": {"name": "Boa fleece", "priceBuy": 1400}, "Bold aloha shirt": {"name": "Bold aloha shirt", "priceBuy": 960}, "Bomber-style jacket": {"name": "Bomber-style jacket", "priceBuy": 1440}, "Bone tee": {"name": "Bone tee", "priceBuy": 640}, "Bulldog jacket": {"name": "Bulldog jacket", "priceBuy": 1440}, "Business suitcoat": {"name": "Business suitcoat", "priceBuy": 1960}, "Cafe uniform": {"name": "Cafe uniform", "priceBuy": 1500}, "Camo bomber-style jacket": {"name": "Camo bomber-style jacket", "priceBuy": 1400}, "Camo tee": {"name": "Camo tee", "priceBuy": 960}, "Cardigan-shirt combo": {"name": "Cardigan-shirt combo", "priceBuy": 840}, "Career Jacket": {"name": "Career Jacket", "priceBuy": 1680}, "Cavalier shirt": {"name": "Cavalier shirt", "priceBuy": 2080}, "Checkered chesterfield coat": {"name": "Checkered chesterfield coat", "priceBuy": 2380}, "Checkered muffler": {"name": "Checkered muffler", "priceBuy": 1440}, "Chef's outfit": {"name": "Chef's outfit", "priceBuy": 1680}, "Chesterfield coat": {"name": "Chesterfield coat", "priceBuy": 2320}, "Chick tee": {"name": "Chick tee", "priceBuy": 800}, "Chimayo vest": {"name": "Chimayo vest", "priceBuy": 1120}, "Coatigan": {"name": "Coatigan", "priceBuy": 2380}, "Collarless coat": {"name": "Collarless coat", "priceBuy": 2000}, "Collarless shirt": {"name": "Collarless shirt", "priceBuy": 960}, "College cardigan": {"name": "College cardigan", "priceBuy": 1200}, "Color-block dress shirt": {"name": "Color-block dress shirt", "priceBuy": 960}, "Colorful striped sweater": {"name": "Colorful striped sweater", "priceBuy": 1200}, "Comedian's outfit": {"name": "Comedian's outfit", "priceBuy": 2500}, "Coverall coat": {"name": "Coverall coat", "priceBuy": 1120}, "Cowboy shirt": {"name": "Cowboy shirt", "priceBuy": 2100}, "Cycling shirt": {"name": "Cycling shirt", "priceBuy": 1200}, "Dance-team jacket": {"name": "Dance-team jacket", "priceBuy": 1680}, "Denim jacket": {"name": "Denim jacket", "priceBuy": 1400}, "Denim vest": {"name": "Denim vest", "priceBuy": 1120}, "Detective's coat": {"name": "Detective's coat", "priceBuy": 2500}, "Diner apron": {"name": "Diner apron", "priceBuy": 840}, "Doctor's coat": {"name": "Doctor's coat", "priceBuy": 2160}, "Dolly shirt": {"name": "Dolly shirt", "priceBuy": 960}, "Dotted raincoat": {"name": "Dotted raincoat", "priceBuy": 1600}, "Doublet": {"name": "Doublet", "priceBuy": 1520}, "Down jacket": {"name": "Down jacket", "priceBuy": 1120}, "Down ski jacket": {"name": "Down ski jacket", "priceBuy": 1680}, "Dragon jacket": {"name": "Dragon jacket", "priceBuy": 2000}, "Dreamy sweater": {"name": "Dreamy sweater", "priceBuy": 1440}, "Dress shirt": {"name": "Dress shirt", "priceBuy": 560}, "Earbuds combo": {"name": "Earbuds combo", "priceBuy": 1400}, "Emblem blazer": {"name": "Emblem blazer", "priceBuy": 1960}, "Embroidered tank": {"name": "Embroidered tank", "priceBuy": 960}, "Energetic sweater": {"name": "Energetic sweater", "priceBuy": 960}, "Explorer shirt": {"name": "Explorer shirt", "priceBuy": 1120}, "Faux-hair sweater": {"name": "Faux-hair sweater", "priceBuy": 1200}, "Faux-shearling coat": {"name": "Faux-shearling coat", "priceBuy": 1680}, "Fischerhemd": {"name": "Fischerhemd", "priceBuy": 1800}, "Fishing vest": {"name": "Fishing vest", "priceBuy": 1440}, "Flame tee": {"name": "Flame tee", "priceBuy": 800}, "Flannel shirt": {"name": "Flannel shirt", "priceBuy": 1200}, "Flashy cardigan": {"name": "Flashy cardigan", "priceBuy": 1200}, "Flashy jacket": {"name": "Flashy jacket", "priceBuy": 1960}, "Flight jacket": {"name": "Flight jacket", "priceBuy": 1680}, "Flower sweater": {"name": "Flower sweater", "priceBuy": 1200}, "Folk shirt": {"name": "Folk shirt", "priceBuy": 1300}, "Football shirt": {"name": "Football shirt", "priceBuy": 1120}, "Front-tie button-down shirt": {"name": "Front-tie button-down shirt", "priceBuy": 800}, "Front-tie tee": {"name": "Front-tie tee", "priceBuy": 640}, "Fuzzy vest": {"name": "Fuzzy vest", "priceBuy": 1300}, "Garden tank": {"name": "Garden tank", "priceBuy": 1120}, "Gilet and shirt": {"name": "Gilet and shirt", "priceBuy": 1120}, "Gingham picnic shirt": {"name": "Gingham picnic shirt", "priceBuy": 960}, "Gold-print tee": {"name": "Gold-print tee", "priceBuy": 1120}, "Gown coat": {"name": "Gown coat", "priceBuy": 2000}, "Graduation gown": {"name": "Graduation gown", "priceBuy": 3360}, "Groovy shirt": {"name": "Groovy shirt", "priceBuy": 1440}, "Groovy tunic": {"name": "Groovy tunic", "priceBuy": 1680}, "Guayabera shirt": {"name": "Guayabera shirt", "priceBuy": 1120}, "Guide shirt": {"name": "Guide shirt", "priceBuy": 800}, "Gym tee": {"name": "Gym tee", "priceBuy": 640}, "Hand-knit tank": {"name": "Hand-knit tank", "priceBuy": 840}, "Hanten jacket": {"name": "Hanten jacket", "priceBuy": 1120}, "Happi tee": {"name": "Happi tee", "priceBuy": 960}, "Hawk jacket": {"name": "Hawk jacket", "priceBuy": 1750}, "Heart apron": {"name": "Heart apron", "priceBuy": 1000}, "Heart sweater": {"name": "Heart sweater", "priceBuy": 1000}, "Heavy-duty shirt": {"name": "Heavy-duty shirt", "priceBuy": 1000}, "Hip-wrap shirt": {"name": "Hip-wrap shirt", "priceBuy": 1200}, "Holiday sweater": {"name": "Holiday sweater", "priceBuy": 1800}, "Hula top": {"name": "Hula top", "priceBuy": 1200}, "Humble sweater": {"name": "Humble sweater", "priceBuy": 1150}, "Kanji tee": {"name": "Kanji tee", "priceBuy": 640}, "Kids' smock": {"name": "Kids' smock", "priceBuy": 1500}, "Kung-fu tee": {"name": "Kung-fu tee", "priceBuy": 1800}, "Kurta": {"name": "Kurta", "priceBuy": 1200}, "Lacy shirt": {"name": "Lacy shirt", "priceBuy": 850}, "Lacy tank": {"name": "Lacy tank", "priceBuy": 850}, "Layered shirt": {"name": "Layered shirt", "priceBuy": 800}, "Layered tank": {"name": "Layered tank", "priceBuy": 800}, "Leopard tee": {"name": "Leopard tee", "priceBuy": 800}, "Letter jacket": {"name": "Letter jacket", "priceBuy": 1080}, "Marble-dots tee": {"name": "Marble-dots tee", "priceBuy": 640}, "Meme shirt": {"name": "Meme shirt", "priceBuy": 960}, "Military uniform": {"name": "Military uniform", "priceBuy": 3360}, "Mod parka": {"name": "Mod parka", "priceBuy": 1680}, "Morning coat": {"name": "Morning coat", "priceBuy": 2500}, "Mountain parka": {"name": "Mountain parka", "priceBuy": 1400}, "Multipurpose vest": {"name": "Multipurpose vest", "priceBuy": 1680}, "Muscle tank": {"name": "Muscle tank", "priceBuy": 640}, "Music-fest shirt": {"name": "Music-fest shirt", "priceBuy": 1200}, "Noble coat": {"name": "Noble coat", "priceBuy": 4800}, "Nurse's jacket": {"name": "Nurse's jacket", "priceBuy": 1500}, "Nylon jacket": {"name": "Nylon jacket", "priceBuy": 1120}, "Oilskin coat": {"name": "Oilskin coat", "priceBuy": 1400}, "Old-school jacket": {"name": "Old-school jacket", "priceBuy": 1800}, "Open-collar shirt": {"name": "Open-collar shirt", "priceBuy": 960}, "Oversized shawl overshirt": {"name": "Oversized shawl overshirt", "priceBuy": 1120}, "Parka undercoat": {"name": "Parka undercoat", "priceBuy": 2320}, "Patchwork coat": {"name": "Patchwork coat", "priceBuy": 2380}, "Peacoat": {"name": "Peacoat", "priceBuy": 1960}, "Peasant blouse": {"name": "Peasant blouse", "priceBuy": 1680}, "Plaid puffed-sleeve shirt": {"name": "Plaid puffed-sleeve shirt", "priceBuy": 1200}, "Pleather trench coat": {"name": "Pleather trench coat", "priceBuy": 1680}, "Plover cardigan": {"name": "Plover cardigan", "priceBuy": 1440}, "Plushie-muffler coat": {"name": "Plushie-muffler coat", "priceBuy": 1960}, "Polo shirt": {"name": "Polo shirt", "priceBuy": 720}, "Pom-pom sweater": {"name": "Pom-pom sweater", "priceBuy": 1440}, "Poncho coat": {"name": "Poncho coat", "priceBuy": 2320}, "Poncho-style sweater": {"name": "Poncho-style sweater", "priceBuy": 1500}, "Prince's tunic": {"name": "Prince's tunic", "priceBuy": 4800}, "Printed fleece sweater": {"name": "Printed fleece sweater", "priceBuy": 1260}, "Printed layered shirt": {"name": "Printed layered shirt", "priceBuy": 560}, "Printed-sleeve sweater": {"name": "Printed-sleeve sweater", "priceBuy": 560}, "Puffy vest": {"name": "Puffy vest", "priceBuy": 1250}, "Puffy-sleeve blouse": {"name": "Puffy-sleeve blouse", "priceBuy": 800}, "Pullover jacket": {"name": "Pullover jacket", "priceBuy": 1680}, "Quilted down jacket": {"name": "Quilted down jacket", "priceBuy": 1400}, "Quilted jacket": {"name": "Quilted jacket", "priceBuy": 1400}, "Raglan shirt": {"name": "Raglan shirt", "priceBuy": 800}, "Rainbow sweater": {"name": "Rainbow sweater", "priceBuy": 1200}, "Raincoat": {"name": "Raincoat", "priceBuy": 1280}, "Reindeer sweater": {"name": "Reindeer sweater", "priceBuy": 1680}, "Relay tank": {"name": "Relay tank", "priceBuy": 960}, "Retro coat": {"name": "Retro coat", "priceBuy": 2380}, "Retro sweater": {"name": "Retro sweater", "priceBuy": 1200}, "Ribbon-straps tank": {"name": "Ribbon-straps tank", "priceBuy": 960}, "Royal shirt": {"name": "Royal shirt", "priceBuy": 6720}, "Rubber apron": {"name": "Rubber apron", "priceBuy": 840}, "Safety vest": {"name": "Safety vest", "priceBuy": 1200}, "Sailor-style shirt": {"name": "Sailor-style shirt", "priceBuy": 1050}, "Sailor's tee": {"name": "Sailor's tee", "priceBuy": 1050}, "Samurai shirt": {"name": "Samurai shirt", "priceBuy": 6720}, "School jacket": {"name": "School jacket", "priceBuy": 1400}, "Sea hanten shirt": {"name": "Sea hanten shirt", "priceBuy": 1450}, "Shirt with camera": {"name": "Shirt with camera", "priceBuy": 1440}, "Short peacoat": {"name": "Short peacoat", "priceBuy": 1680}, "Short-sleeve dress shirt": {"name": "Short-sleeve dress shirt", "priceBuy": 560}, "Silk floral-print shirt": {"name": "Silk floral-print shirt", "priceBuy": 1200}, "Silk shirt": {"name": "Silk shirt", "priceBuy": 1500}, "Simple knit sweater": {"name": "Simple knit sweater", "priceBuy": 960}, "Simple parka": {"name": "Simple parka", "priceBuy": 1060}, "Skiwear": {"name": "Skiwear", "priceBuy": 1680}, "Skull tee": {"name": "Skull tee", "priceBuy": 960}, "Sleeved apron": {"name": "Sleeved apron", "priceBuy": 960}, "Sleeveless dress shirt": {"name": "Sleeveless dress shirt", "priceBuy": 960}, "Sleeveless parka": {"name": "Sleeveless parka", "priceBuy": 1200}, "Sleeveless tunic": {"name": "Sleeveless tunic", "priceBuy": 960}, "Snowflake sweater": {"name": "Snowflake sweater", "priceBuy": 960}, "Snowy sweater": {"name": "Snowy sweater", "priceBuy": 1450}, "Soccer-uniform top": {"name": "Soccer-uniform top", "priceBuy": 1330}, "Space parka": {"name": "Space parka", "priceBuy": 1680}, "Sparkly embroidered tank": {"name": "Sparkly embroidered tank", "priceBuy": 960}, "Spider-web tee": {"name": "Spider-web tee", "priceBuy": 960}, "Sports tank": {"name": "Sports tank", "priceBuy": 640}, "Staff uniform": {"name": "Staff uniform", "priceBuy": 800}, "Striped shirt": {"name": "Striped shirt", "priceBuy": 960}, "Striped tank": {"name": "Striped tank", "priceBuy": 800}, "Striped tee": {"name": "Striped tee", "priceBuy": 800}, "Sushi chef's outfit": {"name": "Sushi chef's outfit", "priceBuy": 1800}, "Sweater on shirt": {"name": "Sweater on shirt", "priceBuy": 960}, "Sweater-vest": {"name": "Sweater-vest", "priceBuy": 1400}, "Sweatshirt": {"name": "Sweatshirt", "priceBuy": 700}, "Sweetheart tank and shirt": {"name": "Sweetheart tank and shirt", "priceBuy": 1200}, "Tailcoat": {"name": "Tailcoat", "priceBuy": 2500}, "Tailored jacket": {"name": "Tailored jacket", "priceBuy": 1400}, "Tank": {"name": "Tank", "priceBuy": 350}, "Tee-parka combo": {"name": "Tee-parka combo", "priceBuy": 1400}, "Tennis sweater": {"name": "Tennis sweater", "priceBuy": 1440}, "Terry-cloth nightgown": {"name": "Terry-cloth nightgown", "priceBuy": 1440}, "Text shirt": {"name": "Text shirt", "priceBuy": 800}, "Thick-stripes shirt": {"name": "Thick-stripes shirt", "priceBuy": 1120}, "Thief's costume": {"name": "Thief's costume", "priceBuy": 2600}, "Thread-worn sweater": {"name": "Thread-worn sweater", "priceBuy": 980}, "Tiger jacket": {"name": "Tiger jacket", "priceBuy": 1750}, "Tight-knit sweater": {"name": "Tight-knit sweater", "priceBuy": 800}, "Top coat": {"name": "Top coat", "priceBuy": 2000}, "Track jacket": {"name": "Track jacket", "priceBuy": 910}, "Trench coat": {"name": "Trench coat", "priceBuy": 1680}, "Tube top": {"name": "Tube top", "priceBuy": 640}, "Tunic tank": {"name": "Tunic tank", "priceBuy": 800}, "Tuxedo jacket": {"name": "Tuxedo jacket", "priceBuy": 2500}, "Tweed jacket": {"name": "Tweed jacket", "priceBuy": 1680}, "Tweed vest": {"name": "Tweed vest", "priceBuy": 1400}, "V-neck sweater": {"name": "V-neck sweater", "priceBuy": 840}, "Vampire costume": {"name": "Vampire costume", "priceBuy": 2600}, "Vertical-stripes shirt": {"name": "Vertical-stripes shirt", "priceBuy": 960}, "Viking top": {"name": "Viking top", "priceBuy": 2500}, "Waistcoat": {"name": "Waistcoat", "priceBuy": 1750}, "Western shirt": {"name": "Western shirt", "priceBuy": 2100}, "Work apron": {"name": "Work apron", "priceBuy": 1100}, "Work shirt": {"name": "Work shirt", "priceBuy": 1040}, "Worker's jacket": {"name": "Worker's jacket", "priceBuy": 800}, "Workout top": {"name": "Workout top", "priceBuy": 560}, "Yodel cardigan": {"name": "Yodel cardigan", "priceBuy": 1440}, "Yodel sweater": {"name": "Yodel sweater", "priceBuy": 1440}, "Young-royal shirt": {"name": "Young-royal shirt", "priceBuy": 1440}}